Track_ID,Model,Real_Anomalies,TP,TN,FP,FN,Recall,Precision,F1_Score
1,EllipticEnvelope,4,2,27,1,2,0.5,0.6666666666666666,0.5714285714285715
1,One-Class SVM (Linear),4,0,18,10,4,0.0,0.0,0.0
1,One-Class SVM (Poly),4,0,17,11,4,0.0,0.0,0.0
1,One-Class SVM (RBF),4,4,19,9,0,1.0,0.3076923076923077,0.47058823529411764
1,Isolation Forest,4,2,27,1,2,0.5,0.6666666666666666,0.5714285714285715
1,Autoencoder,4,3,27,1,1,0.75,0.75,0.75
2,EllipticEnvelope,4,2,35,0,2,0.5,1.0,0.6666666666666666
2,One-Class SVM (Linear),4,1,22,13,3,0.25,0.07142857142857142,0.11111111111111112
2,One-Class SVM (Poly),4,3,29,6,1,0.75,0.3333333333333333,0.46153846153846156
2,One-Class SVM (RBF),4,4,26,9,0,1.0,0.3076923076923077,0.47058823529411764
2,Isolation Forest,4,3,35,0,1,0.75,1.0,0.8571428571428571
2,Autoencoder,4,3,35,0,1,0.75,1.0,0.8571428571428571
3,EllipticEnvelope,7,7,7,0,0,1.0,1.0,1.0
3,One-Class SVM (Linear),7,0,3,4,7,0.0,0.0,0.0
3,One-Class SVM (Poly),7,0,4,3,7,0.0,0.0,0.0
3,One-Class SVM (RBF),7,7,3,4,0,1.0,0.6363636363636364,0.7777777777777778
3,Isolation Forest,7,0,7,0,7,0.0,0.0,0.0
4,EllipticEnvelope,7,7,84,0,0,1.0,1.0,1.0
4,One-Class SVM (Linear),7,0,66,18,7,0.0,0.0,0.0
4,One-Class SVM (Poly),7,0,38,46,7,0.0,0.0,0.0
4,One-Class SVM (RBF),7,7,67,17,0,1.0,0.2916666666666667,0.45161290322580644
4,Isolation Forest,7,7,83,1,0,1.0,0.875,0.9333333333333333
4,Autoencoder,7,7,83,1,0,1.0,0.875,0.9333333333333333
8,EllipticEnvelope,4,3,1,0,1,0.75,1.0,0.8571428571428571
8,One-Class SVM (Linear),4,2,1,0,2,0.5,1.0,0.6666666666666666
8,One-Class SVM (Poly),4,2,1,0,2,0.5,1.0,0.6666666666666666
8,One-Class SVM (RBF),4,4,1,0,0,1.0,1.0,1.0
8,Isolation Forest,4,2,1,0,2,0.5,1.0,0.6666666666666666
11,EllipticEnvelope,8,6,43,1,2,0.75,0.8571428571428571,0.7999999999999999
11,One-Class SVM (Linear),8,8,40,4,0,1.0,0.6666666666666666,0.8
11,One-Class SVM (Poly),8,2,41,3,6,0.25,0.4,0.3076923076923077
11,One-Class SVM (RBF),8,8,37,7,0,1.0,0.5333333333333333,0.6956521739130436
11,Isolation Forest,8,6,43,1,2,0.75,0.8571428571428571,0.7999999999999999
11,Autoencoder,8,8,43,1,0,1.0,0.8888888888888888,0.9411764705882353
12,EllipticEnvelope,7,7,1,0,0,1.0,1.0,1.0
12,One-Class SVM (Linear),7,7,1,0,0,1.0,1.0,1.0
12,One-Class SVM (Poly),7,7,0,1,0,1.0,0.875,0.9333333333333333
12,One-Class SVM (RBF),7,7,1,0,0,1.0,1.0,1.0
12,Isolation Forest,7,7,1,0,0,1.0,1.0,1.0
13,EllipticEnvelope,7,7,116,2,0,1.0,0.7777777777777778,0.8750000000000001
13,One-Class SVM (Linear),7,0,81,37,7,0.0,0.0,0.0
13,One-Class SVM (Poly),7,0,58,60,7,0.0,0.0,0.0
13,One-Class SVM (RBF),7,7,100,18,0,1.0,0.28,0.43750000000000006
13,Isolation Forest,7,7,116,2,0,1.0,0.7777777777777778,0.8750000000000001
13,Autoencoder,7,7,116,2,0,1.0,0.7777777777777778,0.8750000000000001
16,EllipticEnvelope,4,4,46,1,0,1.0,0.8,0.888888888888889
16,One-Class SVM (Linear),4,0,35,12,4,0.0,0.0,0.0
16,One-Class SVM (Poly),4,4,14,33,0,1.0,0.10810810810810811,0.1951219512195122
16,One-Class SVM (RBF),4,4,40,7,0,1.0,0.36363636363636365,0.5333333333333333
16,Isolation Forest,4,4,46,1,0,1.0,0.8,0.888888888888889
16,Autoencoder,4,4,46,1,0,1.0,0.8,0.888888888888889
17,EllipticEnvelope,4,4,61,0,0,1.0,1.0,1.0
17,One-Class SVM (Linear),4,1,44,17,3,0.25,0.05555555555555555,0.0909090909090909
17,One-Class SVM (Poly),4,1,26,35,3,0.25,0.027777777777777776,0.049999999999999996
17,One-Class SVM (RBF),4,4,49,12,0,1.0,0.25,0.4
17,Isolation Forest,4,4,61,0,0,1.0,1.0,1.0
17,Autoencoder,4,4,61,0,0,1.0,1.0,1.0
18,EllipticEnvelope,7,7,10,0,0,1.0,1.0,1.0
18,One-Class SVM (Linear),7,7,5,5,0,1.0,0.5833333333333334,0.7368421052631579
18,One-Class SVM (Poly),7,0,4,6,7,0.0,0.0,0.0
18,One-Class SVM (RBF),7,7,5,5,0,1.0,0.5833333333333334,0.7368421052631579
18,Isolation Forest,7,7,10,0,0,1.0,1.0,1.0
19,EllipticEnvelope,7,7,73,0,0,1.0,1.0,1.0
19,One-Class SVM (Linear),7,0,42,31,7,0.0,0.0,0.0
19,One-Class SVM (Poly),7,0,68,5,7,0.0,0.0,0.0
19,One-Class SVM (RBF),7,7,59,14,0,1.0,0.3333333333333333,0.5
19,Isolation Forest,7,7,73,0,0,1.0,1.0,1.0
19,Autoencoder,7,7,72,1,0,1.0,0.875,0.9333333333333333
20,EllipticEnvelope,4,4,61,0,0,1.0,1.0,1.0
20,One-Class SVM (Linear),4,3,35,26,1,0.75,0.10344827586206896,0.18181818181818182
20,One-Class SVM (Poly),4,3,28,33,1,0.75,0.08333333333333333,0.15
20,One-Class SVM (RBF),4,4,52,9,0,1.0,0.3076923076923077,0.47058823529411764
20,Isolation Forest,4,3,61,0,1,0.75,1.0,0.8571428571428571
20,Autoencoder,4,4,61,0,0,1.0,1.0,1.0
21,EllipticEnvelope,4,4,61,0,0,1.0,1.0,1.0
21,One-Class SVM (Linear),4,3,35,26,1,0.75,0.10344827586206896,0.18181818181818182
21,One-Class SVM (Poly),4,3,28,33,1,0.75,0.08333333333333333,0.15
21,One-Class SVM (RBF),4,4,52,9,0,1.0,0.3076923076923077,0.47058823529411764
21,Isolation Forest,4,3,61,0,1,0.75,1.0,0.8571428571428571
21,Autoencoder,4,4,61,0,0,1.0,1.0,1.0
22,EllipticEnvelope,4,0,100,2,4,0.0,0.0,0.0
22,One-Class SVM (Linear),4,4,64,38,0,1.0,0.09523809523809523,0.17391304347826084
22,One-Class SVM (Poly),4,3,40,62,1,0.75,0.046153846153846156,0.08695652173913043
22,One-Class SVM (RBF),4,2,83,19,2,0.5,0.09523809523809523,0.16
22,Isolation Forest,4,0,100,2,4,0.0,0.0,0.0
22,Autoencoder,4,0,100,2,4,0.0,0.0,0.0
23,EllipticEnvelope,4,3,63,1,1,0.75,0.75,0.75
23,One-Class SVM (Linear),4,4,49,15,0,1.0,0.21052631578947367,0.34782608695652173
23,One-Class SVM (Poly),4,1,30,34,3,0.25,0.02857142857142857,0.05128205128205128
23,One-Class SVM (RBF),4,3,52,12,1,0.75,0.2,0.31578947368421056
23,Isolation Forest,4,3,64,0,1,0.75,1.0,0.8571428571428571
23,Autoencoder,4,3,63,1,1,0.75,0.75,0.75
24,EllipticEnvelope,7,4,34,0,3,0.5714285714285714,1.0,0.7272727272727273
24,One-Class SVM (Linear),7,4,27,7,3,0.5714285714285714,0.36363636363636365,0.4444444444444444
24,One-Class SVM (Poly),7,3,9,25,4,0.42857142857142855,0.10714285714285714,0.17142857142857143
24,One-Class SVM (RBF),7,5,27,7,2,0.7142857142857143,0.4166666666666667,0.5263157894736842
24,Isolation Forest,7,4,34,0,3,0.5714285714285714,1.0,0.7272727272727273
24,Autoencoder,7,4,34,0,3,0.5714285714285714,1.0,0.7272727272727273
25,EllipticEnvelope,9,1,3,0,8,0.1111111111111111,1.0,0.19999999999999998
25,One-Class SVM (Linear),9,5,2,1,4,0.5555555555555556,0.8333333333333334,0.6666666666666667
25,One-Class SVM (Poly),9,9,2,1,0,1.0,0.9,0.9473684210526316
25,One-Class SVM (RBF),9,8,1,2,1,0.8888888888888888,0.8,0.8421052631578948
25,Isolation Forest,9,0,2,1,9,0.0,0.0,0.0
26,EllipticEnvelope,7,0,299,4,7,0.0,0.0,0.0
26,One-Class SVM (Linear),7,0,285,18,7,0.0,0.0,0.0
26,One-Class SVM (Poly),7,0,298,5,7,0.0,0.0,0.0
26,One-Class SVM (RBF),7,2,263,40,5,0.2857142857142857,0.047619047619047616,0.08163265306122448
26,Isolation Forest,7,0,299,4,7,0.0,0.0,0.0
26,Autoencoder,7,0,299,4,7,0.0,0.0,0.0
27,EllipticEnvelope,7,0,299,4,7,0.0,0.0,0.0
27,One-Class SVM (Linear),7,0,285,18,7,0.0,0.0,0.0
27,One-Class SVM (Poly),7,0,298,5,7,0.0,0.0,0.0
27,One-Class SVM (RBF),7,2,263,40,5,0.2857142857142857,0.047619047619047616,0.08163265306122448
27,Isolation Forest,7,0,299,4,7,0.0,0.0,0.0
27,Autoencoder,7,0,299,4,7,0.0,0.0,0.0
28,EllipticEnvelope,4,4,111,2,0,1.0,0.6666666666666666,0.8
28,One-Class SVM (Linear),4,4,74,39,0,1.0,0.09302325581395349,0.1702127659574468
28,One-Class SVM (Poly),4,0,67,46,4,0.0,0.0,0.0
28,One-Class SVM (RBF),4,4,98,15,0,1.0,0.21052631578947367,0.34782608695652173
28,Isolation Forest,4,4,111,2,0,1.0,0.6666666666666666,0.8
28,Autoencoder,4,4,111,2,0,1.0,0.6666666666666666,0.8
30,EllipticEnvelope,8,8,227,2,0,1.0,0.8,0.888888888888889
30,One-Class SVM (Linear),8,8,205,24,0,1.0,0.25,0.4
30,One-Class SVM (Poly),8,8,198,31,0,1.0,0.20512820512820512,0.3404255319148936
30,One-Class SVM (RBF),8,8,213,16,0,1.0,0.3333333333333333,0.5
30,Isolation Forest,8,8,227,2,0,1.0,0.8,0.888888888888889
30,Autoencoder,8,8,226,3,0,1.0,0.7272727272727273,0.8421052631578948
31,EllipticEnvelope,5,5,229,3,0,1.0,0.625,0.7692307692307693
31,One-Class SVM (Linear),5,5,204,28,0,1.0,0.15151515151515152,0.2631578947368421
31,One-Class SVM (Poly),5,5,201,31,0,1.0,0.1388888888888889,0.24390243902439027
31,One-Class SVM (RBF),5,5,216,16,0,1.0,0.23809523809523808,0.3846153846153846
31,Isolation Forest,5,5,229,3,0,1.0,0.625,0.7692307692307693
31,Autoencoder,5,5,229,3,0,1.0,0.625,0.7692307692307693
33,EllipticEnvelope,7,7,128,2,0,1.0,0.7777777777777778,0.8750000000000001
33,One-Class SVM (Linear),7,1,103,27,6,0.14285714285714285,0.03571428571428571,0.05714285714285715
33,One-Class SVM (Poly),7,1,99,31,6,0.14285714285714285,0.03125,0.05128205128205128
33,One-Class SVM (RBF),7,7,111,19,0,1.0,0.2692307692307692,0.42424242424242425
33,Isolation Forest,7,7,129,1,0,1.0,0.875,0.9333333333333333
33,Autoencoder,7,7,128,2,0,1.0,0.7777777777777778,0.8750000000000001
34,EllipticEnvelope,4,4,13,0,0,1.0,1.0,1.0
34,One-Class SVM (Linear),4,4,8,5,0,1.0,0.4444444444444444,0.6153846153846153
34,One-Class SVM (Poly),4,0,9,4,4,0.0,0.0,0.0
34,One-Class SVM (RBF),4,4,11,2,0,1.0,0.6666666666666666,0.8
34,Isolation Forest,4,4,12,1,0,1.0,0.8,0.888888888888889
35,EllipticEnvelope,4,4,71,1,0,1.0,0.8,0.888888888888889
35,One-Class SVM (Linear),4,4,44,28,0,1.0,0.125,0.2222222222222222
35,One-Class SVM (Poly),4,0,34,38,4,0.0,0.0,0.0
35,One-Class SVM (RBF),4,4,60,12,0,1.0,0.25,0.4
35,Isolation Forest,4,4,71,1,0,1.0,0.8,0.888888888888889
35,Autoencoder,4,4,71,1,0,1.0,0.8,0.888888888888889
36,EllipticEnvelope,4,4,24,1,0,1.0,0.8,0.888888888888889
36,One-Class SVM (Linear),4,0,16,9,4,0.0,0.0,0.0
36,One-Class SVM (Poly),4,0,11,14,4,0.0,0.0,0.0
36,One-Class SVM (RBF),4,4,17,8,0,1.0,0.3333333333333333,0.5
36,Isolation Forest,4,4,24,1,0,1.0,0.8,0.888888888888889
37,EllipticEnvelope,4,4,33,1,0,1.0,0.8,0.888888888888889
37,One-Class SVM (Linear),4,0,24,10,4,0.0,0.0,0.0
37,One-Class SVM (Poly),4,0,16,18,4,0.0,0.0,0.0
37,One-Class SVM (RBF),4,4,29,5,0,1.0,0.4444444444444444,0.6153846153846153
37,Isolation Forest,4,4,34,0,0,1.0,1.0,1.0
37,Autoencoder,4,4,34,0,0,1.0,1.0,1.0
38,EllipticEnvelope,4,4,26,1,0,1.0,0.8,0.888888888888889
38,One-Class SVM (Linear),4,4,16,11,0,1.0,0.26666666666666666,0.4210526315789474
38,One-Class SVM (Poly),4,4,8,19,0,1.0,0.17391304347826086,0.29629629629629634
38,One-Class SVM (RBF),4,4,17,10,0,1.0,0.2857142857142857,0.4444444444444445
38,Isolation Forest,4,4,26,1,0,1.0,0.8,0.888888888888889
39,EllipticEnvelope,4,4,44,0,0,1.0,1.0,1.0
39,One-Class SVM (Linear),4,2,25,19,2,0.5,0.09523809523809523,0.16
39,One-Class SVM (Poly),4,4,26,18,0,1.0,0.18181818181818182,0.3076923076923077
39,One-Class SVM (RBF),4,4,35,9,0,1.0,0.3076923076923077,0.47058823529411764
39,Isolation Forest,4,4,43,1,0,1.0,0.8,0.888888888888889
39,Autoencoder,4,4,44,0,0,1.0,1.0,1.0
40,EllipticEnvelope,4,4,76,1,0,1.0,0.8,0.888888888888889
40,One-Class SVM (Linear),4,0,47,30,4,0.0,0.0,0.0
40,One-Class SVM (Poly),4,4,35,42,0,1.0,0.08695652173913043,0.16
40,One-Class SVM (RBF),4,4,65,12,0,1.0,0.25,0.4
40,Isolation Forest,4,4,76,1,0,1.0,0.8,0.888888888888889
40,Autoencoder,4,4,76,1,0,1.0,0.8,0.888888888888889
41,EllipticEnvelope,4,4,150,2,0,1.0,0.6666666666666666,0.8
41,One-Class SVM (Linear),4,0,84,68,4,0.0,0.0,0.0
41,One-Class SVM (Poly),4,0,94,58,4,0.0,0.0,0.0
41,One-Class SVM (RBF),4,4,138,14,0,1.0,0.2222222222222222,0.3636363636363636
41,Isolation Forest,4,4,150,2,0,1.0,0.6666666666666666,0.8
41,Autoencoder,4,4,150,2,0,1.0,0.6666666666666666,0.8
42,EllipticEnvelope,4,4,62,1,0,1.0,0.8,0.888888888888889
42,One-Class SVM (Linear),4,0,32,31,4,0.0,0.0,0.0
42,One-Class SVM (Poly),4,0,34,29,4,0.0,0.0,0.0
42,One-Class SVM (RBF),4,4,56,7,0,1.0,0.36363636363636365,0.5333333333333333
42,Isolation Forest,4,4,62,1,0,1.0,0.8,0.888888888888889
42,Autoencoder,4,4,63,0,0,1.0,1.0,1.0
43,EllipticEnvelope,4,4,60,1,0,1.0,0.8,0.888888888888889
43,One-Class SVM (Linear),4,0,34,27,4,0.0,0.0,0.0
43,One-Class SVM (Poly),4,0,45,16,4,0.0,0.0,0.0
43,One-Class SVM (RBF),4,4,46,15,0,1.0,0.21052631578947367,0.34782608695652173
43,Isolation Forest,4,4,60,1,0,1.0,0.8,0.888888888888889
43,Autoencoder,4,4,60,1,0,1.0,0.8,0.888888888888889
44,EllipticEnvelope,4,4,14,0,0,1.0,1.0,1.0
44,One-Class SVM (Linear),4,0,6,8,4,0.0,0.0,0.0
44,One-Class SVM (Poly),4,4,5,9,0,1.0,0.3076923076923077,0.47058823529411764
44,One-Class SVM (RBF),4,4,8,6,0,1.0,0.4,0.5714285714285715
44,Isolation Forest,4,4,14,0,0,1.0,1.0,1.0
45,EllipticEnvelope,4,4,14,0,0,1.0,1.0,1.0
45,One-Class SVM (Linear),4,0,6,8,4,0.0,0.0,0.0
45,One-Class SVM (Poly),4,4,5,9,0,1.0,0.3076923076923077,0.47058823529411764
45,One-Class SVM (RBF),4,4,8,6,0,1.0,0.4,0.5714285714285715
45,Isolation Forest,4,4,14,0,0,1.0,1.0,1.0
46,EllipticEnvelope,4,4,35,1,0,1.0,0.8,0.888888888888889
46,One-Class SVM (Linear),4,4,21,15,0,1.0,0.21052631578947367,0.34782608695652173
46,One-Class SVM (Poly),4,0,20,16,4,0.0,0.0,0.0
46,One-Class SVM (RBF),4,4,27,9,0,1.0,0.3076923076923077,0.47058823529411764
46,Isolation Forest,4,4,35,1,0,1.0,0.8,0.888888888888889
46,Autoencoder,4,4,35,1,0,1.0,0.8,0.888888888888889
47,EllipticEnvelope,4,4,77,1,0,1.0,0.8,0.888888888888889
47,One-Class SVM (Linear),4,3,51,27,1,0.75,0.1,0.17647058823529416
47,One-Class SVM (Poly),4,0,51,27,4,0.0,0.0,0.0
47,One-Class SVM (RBF),4,4,66,12,0,1.0,0.25,0.4
47,Isolation Forest,4,4,77,1,0,1.0,0.8,0.888888888888889
47,Autoencoder,4,4,77,1,0,1.0,0.8,0.888888888888889
48,EllipticEnvelope,4,4,57,1,0,1.0,0.8,0.888888888888889
48,One-Class SVM (Linear),4,0,31,27,4,0.0,0.0,0.0
48,One-Class SVM (Poly),4,4,31,27,0,1.0,0.12903225806451613,0.2285714285714286
48,One-Class SVM (RBF),4,4,50,8,0,1.0,0.3333333333333333,0.5
48,Isolation Forest,4,4,57,1,0,1.0,0.8,0.888888888888889
48,Autoencoder,4,4,57,1,0,1.0,0.8,0.888888888888889
49,EllipticEnvelope,13,6,98,2,7,0.46153846153846156,0.75,0.5714285714285714
49,One-Class SVM (Linear),13,5,84,16,8,0.38461538461538464,0.23809523809523808,0.2941176470588235
49,One-Class SVM (Poly),13,7,6,94,6,0.5384615384615384,0.06930693069306931,0.12280701754385967
49,One-Class SVM (RBF),13,13,61,39,0,1.0,0.25,0.4
49,Isolation Forest,13,8,98,2,5,0.6153846153846154,0.8,0.6956521739130435
49,Autoencoder,13,13,98,2,0,1.0,0.8666666666666667,0.9285714285714286
50,EllipticEnvelope,13,6,98,2,7,0.46153846153846156,0.75,0.5714285714285714
50,One-Class SVM (Linear),13,5,84,16,8,0.38461538461538464,0.23809523809523808,0.2941176470588235
50,One-Class SVM (Poly),13,7,6,94,6,0.5384615384615384,0.06930693069306931,0.12280701754385967
50,One-Class SVM (RBF),13,13,61,39,0,1.0,0.25,0.4
50,Isolation Forest,13,8,98,2,5,0.6153846153846154,0.8,0.6956521739130435
50,Autoencoder,13,13,98,2,0,1.0,0.8666666666666667,0.9285714285714286
55,EllipticEnvelope,6,6,12,0,0,1.0,1.0,1.0
55,One-Class SVM (Linear),6,0,8,4,6,0.0,0.0,0.0
55,One-Class SVM (Poly),6,6,7,5,0,1.0,0.5454545454545454,0.7058823529411764
55,One-Class SVM (RBF),6,6,8,4,0,1.0,0.6,0.7499999999999999
55,Isolation Forest,6,6,12,0,0,1.0,1.0,1.0
56,EllipticEnvelope,7,7,11,0,0,1.0,1.0,1.0
56,One-Class SVM (Linear),7,0,8,3,7,0.0,0.0,0.0
56,One-Class SVM (Poly),7,7,7,4,0,1.0,0.6363636363636364,0.7777777777777778
56,One-Class SVM (RBF),7,7,7,4,0,1.0,0.6363636363636364,0.7777777777777778
56,Isolation Forest,7,7,11,0,0,1.0,1.0,1.0
58,EllipticEnvelope,13,6,65,1,7,0.46153846153846156,0.8571428571428571,0.6
58,One-Class SVM (Linear),13,7,56,10,6,0.5384615384615384,0.4117647058823529,0.4666666666666667
58,One-Class SVM (Poly),13,7,1,65,6,0.5384615384615384,0.09722222222222222,0.1647058823529412
58,One-Class SVM (RBF),13,13,49,17,0,1.0,0.43333333333333335,0.6046511627906976
58,Isolation Forest,13,7,65,1,6,0.5384615384615384,0.875,0.6666666666666667
58,Autoencoder,13,12,65,1,1,0.9230769230769231,0.9230769230769231,0.9230769230769231
67,EllipticEnvelope,6,6,0,0,0,1.0,1.0,1.0
67,One-Class SVM (Linear),6,6,0,0,0,1.0,1.0,1.0
67,One-Class SVM (Poly),6,6,0,0,0,1.0,1.0,1.0
67,One-Class SVM (RBF),6,6,0,0,0,1.0,1.0,1.0
67,Isolation Forest,6,6,0,0,0,1.0,1.0,1.0
99,EllipticEnvelope,6,6,0,0,0,1.0,1.0,1.0
99,One-Class SVM (Linear),6,0,0,0,6,0.0,0.0,0.0
99,One-Class SVM (Poly),6,6,0,0,0,1.0,1.0,1.0
99,One-Class SVM (RBF),6,6,0,0,0,1.0,1.0,1.0
99,Isolation Forest,6,6,0,0,0,1.0,1.0,1.0
128,EllipticEnvelope,7,7,22,1,0,1.0,0.875,0.9333333333333333
128,One-Class SVM (Linear),7,7,17,6,0,1.0,0.5384615384615384,0.7000000000000001
128,One-Class SVM (Poly),7,7,13,10,0,1.0,0.4117647058823529,0.5833333333333334
128,One-Class SVM (RBF),7,7,17,6,0,1.0,0.5384615384615384,0.7000000000000001
128,Isolation Forest,7,7,22,1,0,1.0,0.875,0.9333333333333333
131,EllipticEnvelope,4,4,116,1,0,1.0,0.8,0.888888888888889
131,One-Class SVM (Linear),4,0,92,25,4,0.0,0.0,0.0
131,One-Class SVM (Poly),4,4,104,13,0,1.0,0.23529411764705882,0.38095238095238093
131,One-Class SVM (RBF),4,4,99,18,0,1.0,0.18181818181818182,0.3076923076923077
131,Isolation Forest,4,4,115,2,0,1.0,0.6666666666666666,0.8
131,Autoencoder,4,4,115,2,0,1.0,0.6666666666666666,0.8
132,EllipticEnvelope,5,5,126,2,0,1.0,0.7142857142857143,0.8333333333333333
132,One-Class SVM (Linear),5,0,81,47,5,0.0,0.0,0.0
132,One-Class SVM (Poly),5,4,97,31,1,0.8,0.11428571428571428,0.19999999999999998
132,One-Class SVM (RBF),5,5,112,16,0,1.0,0.23809523809523808,0.3846153846153846
132,Isolation Forest,5,5,126,2,0,1.0,0.7142857142857143,0.8333333333333333
132,Autoencoder,5,5,126,2,0,1.0,0.7142857142857143,0.8333333333333333
133,EllipticEnvelope,4,4,108,2,0,1.0,0.6666666666666666,0.8
133,One-Class SVM (Linear),4,0,85,25,4,0.0,0.0,0.0
133,One-Class SVM (Poly),4,4,7,103,0,1.0,0.037383177570093455,0.07207207207207207
133,One-Class SVM (RBF),4,4,92,18,0,1.0,0.18181818181818182,0.3076923076923077
133,Isolation Forest,4,4,108,2,0,1.0,0.6666666666666666,0.8
133,Autoencoder,4,4,108,2,0,1.0,0.6666666666666666,0.8
134,EllipticEnvelope,8,5,98,0,3,0.625,1.0,0.7692307692307693
134,One-Class SVM (Linear),8,4,87,11,4,0.5,0.26666666666666666,0.3478260869565218
134,One-Class SVM (Poly),8,6,96,2,2,0.75,0.75,0.75
134,One-Class SVM (RBF),8,8,53,45,0,1.0,0.1509433962264151,0.26229508196721313
134,Isolation Forest,8,1,98,0,7,0.125,1.0,0.2222222222222222
134,Autoencoder,8,3,98,0,5,0.375,1.0,0.5454545454545454
135,EllipticEnvelope,33,3,71,2,30,0.09090909090909091,0.6,0.15789473684210525
135,One-Class SVM (Linear),33,1,59,14,32,0.030303030303030304,0.06666666666666667,0.041666666666666664
135,One-Class SVM (Poly),33,1,70,3,32,0.030303030303030304,0.25,0.054054054054054064
135,One-Class SVM (RBF),33,4,55,18,29,0.12121212121212122,0.18181818181818182,0.14545454545454545
135,Isolation Forest,33,1,71,2,32,0.030303030303030304,0.3333333333333333,0.05555555555555555
135,Autoencoder,33,3,71,2,30,0.09090909090909091,0.6,0.15789473684210525
136,EllipticEnvelope,4,4,54,0,0,1.0,1.0,1.0
136,One-Class SVM (Linear),4,0,36,18,4,0.0,0.0,0.0
136,One-Class SVM (Poly),4,0,21,33,4,0.0,0.0,0.0
136,One-Class SVM (RBF),4,4,44,10,0,1.0,0.2857142857142857,0.4444444444444445
136,Isolation Forest,4,4,54,0,0,1.0,1.0,1.0
136,Autoencoder,4,4,54,0,0,1.0,1.0,1.0
137,EllipticEnvelope,4,4,54,0,0,1.0,1.0,1.0
137,One-Class SVM (Linear),4,0,36,18,4,0.0,0.0,0.0
137,One-Class SVM (Poly),4,0,21,33,4,0.0,0.0,0.0
137,One-Class SVM (RBF),4,4,44,10,0,1.0,0.2857142857142857,0.4444444444444445
137,Isolation Forest,4,4,54,0,0,1.0,1.0,1.0
137,Autoencoder,4,4,54,0,0,1.0,1.0,1.0
138,EllipticEnvelope,8,8,16,0,0,1.0,1.0,1.0
138,One-Class SVM (Linear),8,0,7,9,8,0.0,0.0,0.0
138,One-Class SVM (Poly),8,0,4,12,8,0.0,0.0,0.0
138,One-Class SVM (RBF),8,8,8,8,0,1.0,0.5,0.6666666666666666
138,Isolation Forest,8,0,16,0,8,0.0,0.0,0.0
139,EllipticEnvelope,5,5,18,1,0,1.0,0.8333333333333334,0.9090909090909091
139,One-Class SVM (Linear),5,0,5,14,5,0.0,0.0,0.0
139,One-Class SVM (Poly),5,0,6,13,5,0.0,0.0,0.0
139,One-Class SVM (RBF),5,5,10,9,0,1.0,0.35714285714285715,0.5263157894736842
139,Isolation Forest,5,0,18,1,5,0.0,0.0,0.0
140,EllipticEnvelope,8,8,45,0,0,1.0,1.0,1.0
140,One-Class SVM (Linear),8,0,34,11,8,0.0,0.0,0.0
140,One-Class SVM (Poly),8,0,17,28,8,0.0,0.0,0.0
140,One-Class SVM (RBF),8,8,33,12,0,1.0,0.4,0.5714285714285715
140,Isolation Forest,8,8,45,0,0,1.0,1.0,1.0
140,Autoencoder,8,8,45,0,0,1.0,1.0,1.0
141,EllipticEnvelope,4,4,48,1,0,1.0,0.8,0.888888888888889
141,One-Class SVM (Linear),4,0,39,10,4,0.0,0.0,0.0
141,One-Class SVM (Poly),4,0,20,29,4,0.0,0.0,0.0
141,One-Class SVM (RBF),4,4,34,15,0,1.0,0.21052631578947367,0.34782608695652173
141,Isolation Forest,4,4,48,1,0,1.0,0.8,0.888888888888889
141,Autoencoder,4,4,48,1,0,1.0,0.8,0.888888888888889
142,EllipticEnvelope,8,8,46,1,0,1.0,0.8888888888888888,0.9411764705882353
142,One-Class SVM (Linear),8,0,26,21,8,0.0,0.0,0.0
142,One-Class SVM (Poly),8,0,23,24,8,0.0,0.0,0.0
142,One-Class SVM (RBF),8,8,36,11,0,1.0,0.42105263157894735,0.5925925925925926
142,Isolation Forest,8,8,46,1,0,1.0,0.8888888888888888,0.9411764705882353
142,Autoencoder,8,8,46,1,0,1.0,0.8888888888888888,0.9411764705882353
143,EllipticEnvelope,4,4,50,1,0,1.0,0.8,0.888888888888889
143,One-Class SVM (Linear),4,0,26,25,4,0.0,0.0,0.0
143,One-Class SVM (Poly),4,0,23,28,4,0.0,0.0,0.0
143,One-Class SVM (RBF),4,4,40,11,0,1.0,0.26666666666666666,0.4210526315789474
143,Isolation Forest,4,4,50,1,0,1.0,0.8,0.888888888888889
143,Autoencoder,4,4,50,1,0,1.0,0.8,0.888888888888889
145,EllipticEnvelope,4,4,22,0,0,1.0,1.0,1.0
145,One-Class SVM (Linear),4,4,18,4,0,1.0,0.5,0.6666666666666666
145,One-Class SVM (Poly),4,4,12,10,0,1.0,0.2857142857142857,0.4444444444444445
145,One-Class SVM (RBF),4,4,9,13,0,1.0,0.23529411764705882,0.38095238095238093
145,Isolation Forest,4,4,22,0,0,1.0,1.0,1.0
147,EllipticEnvelope,6,0,68,1,6,0.0,0.0,0.0
147,One-Class SVM (Linear),6,3,46,23,3,0.5,0.11538461538461539,0.1875
147,One-Class SVM (Poly),6,1,26,43,5,0.16666666666666666,0.022727272727272728,0.04
147,One-Class SVM (RBF),6,4,61,8,2,0.6666666666666666,0.3333333333333333,0.4444444444444444
147,Isolation Forest,6,0,68,1,6,0.0,0.0,0.0
147,Autoencoder,6,0,68,1,6,0.0,0.0,0.0
149,EllipticEnvelope,5,2,63,0,3,0.4,1.0,0.5714285714285715
149,One-Class SVM (Linear),5,2,27,36,3,0.4,0.05263157894736842,0.09302325581395349
149,One-Class SVM (Poly),5,2,29,34,3,0.4,0.05555555555555555,0.09756097560975609
149,One-Class SVM (RBF),5,5,51,12,0,1.0,0.29411764705882354,0.45454545454545453
149,Isolation Forest,5,3,63,0,2,0.6,1.0,0.7499999999999999
149,Autoencoder,5,2,63,0,3,0.4,1.0,0.5714285714285715
150,EllipticEnvelope,4,4,80,1,0,1.0,0.8,0.888888888888889
150,One-Class SVM (Linear),4,0,56,25,4,0.0,0.0,0.0
150,One-Class SVM (Poly),4,3,52,29,1,0.75,0.09375,0.16666666666666666
150,One-Class SVM (RBF),4,4,66,15,0,1.0,0.21052631578947367,0.34782608695652173
150,Isolation Forest,4,4,80,1,0,1.0,0.8,0.888888888888889
150,Autoencoder,4,4,80,1,0,1.0,0.8,0.888888888888889
151,EllipticEnvelope,4,4,99,2,0,1.0,0.6666666666666666,0.8
151,One-Class SVM (Linear),4,0,53,48,4,0.0,0.0,0.0
151,One-Class SVM (Poly),4,0,63,38,4,0.0,0.0,0.0
151,One-Class SVM (RBF),4,4,87,14,0,1.0,0.2222222222222222,0.3636363636363636
151,Isolation Forest,4,4,99,2,0,1.0,0.6666666666666666,0.8
151,Autoencoder,4,4,99,2,0,1.0,0.6666666666666666,0.8
153,EllipticEnvelope,4,4,93,1,0,1.0,0.8,0.888888888888889
153,One-Class SVM (Linear),4,0,67,27,4,0.0,0.0,0.0
153,One-Class SVM (Poly),4,4,49,45,0,1.0,0.08163265306122448,0.15094339622641506
153,One-Class SVM (RBF),4,4,82,12,0,1.0,0.25,0.4
153,Isolation Forest,4,4,93,1,0,1.0,0.8,0.888888888888889
153,Autoencoder,4,4,93,1,0,1.0,0.8,0.888888888888889
157,EllipticEnvelope,4,4,1,0,0,1.0,1.0,1.0
157,One-Class SVM (Linear),4,0,1,0,4,0.0,0.0,0.0
157,One-Class SVM (Poly),4,1,1,0,3,0.25,1.0,0.4
157,One-Class SVM (RBF),4,4,1,0,0,1.0,1.0,1.0
157,Isolation Forest,4,4,0,1,0,1.0,0.8,0.888888888888889
207,EllipticEnvelope,6,6,15,1,0,1.0,0.8571428571428571,0.923076923076923
207,One-Class SVM (Linear),6,0,10,6,6,0.0,0.0,0.0
207,One-Class SVM (Poly),6,0,11,5,6,0.0,0.0,0.0
207,One-Class SVM (RBF),6,6,10,6,0,1.0,0.5,0.6666666666666666
207,Isolation Forest,6,6,15,1,0,1.0,0.8571428571428571,0.923076923076923
208,EllipticEnvelope,5,5,64,0,0,1.0,1.0,1.0
208,One-Class SVM (Linear),5,0,50,14,5,0.0,0.0,0.0
208,One-Class SVM (Poly),5,5,30,34,0,1.0,0.1282051282051282,0.22727272727272727
208,One-Class SVM (RBF),5,5,54,10,0,1.0,0.3333333333333333,0.5
208,Isolation Forest,5,5,63,1,0,1.0,0.8333333333333334,0.9090909090909091
208,Autoencoder,5,5,64,0,0,1.0,1.0,1.0
209,EllipticEnvelope,4,4,35,0,0,1.0,1.0,1.0
209,One-Class SVM (Linear),4,0,34,1,4,0.0,0.0,0.0
209,One-Class SVM (RBF),4,4,30,5,0,1.0,0.4444444444444444,0.6153846153846153
209,Isolation Forest,4,4,35,0,0,1.0,1.0,1.0
209,Autoencoder,4,4,35,0,0,1.0,1.0,1.0
210,EllipticEnvelope,11,11,43,0,0,1.0,1.0,1.0
210,One-Class SVM (Linear),11,0,34,9,11,0.0,0.0,0.0
210,One-Class SVM (Poly),11,0,21,22,11,0.0,0.0,0.0
210,One-Class SVM (RBF),11,11,31,12,0,1.0,0.4782608695652174,0.6470588235294118
210,Isolation Forest,11,11,43,0,0,1.0,1.0,1.0
210,Autoencoder,11,11,43,0,0,1.0,1.0,1.0
248,EllipticEnvelope,8,8,51,1,0,1.0,0.8888888888888888,0.9411764705882353
248,One-Class SVM (Linear),8,0,46,6,8,0.0,0.0,0.0
248,One-Class SVM (Poly),8,1,24,28,7,0.125,0.034482758620689655,0.05405405405405405
248,One-Class SVM (RBF),8,8,41,11,0,1.0,0.42105263157894735,0.5925925925925926
248,Isolation Forest,8,8,51,1,0,1.0,0.8888888888888888,0.9411764705882353
248,Autoencoder,8,8,51,1,0,1.0,0.8888888888888888,0.9411764705882353
32446,EllipticEnvelope,8,8,48,0,0,1.0,1.0,1.0
32446,One-Class SVM (Linear),8,0,34,14,8,0.0,0.0,0.0
32446,One-Class SVM (Poly),8,1,23,25,7,0.125,0.038461538461538464,0.058823529411764705
32446,One-Class SVM (RBF),8,8,34,14,0,1.0,0.36363636363636365,0.5333333333333333
32446,Isolation Forest,8,1,48,0,7,0.125,1.0,0.2222222222222222
32446,Autoencoder,8,8,48,0,0,1.0,1.0,1.0
32447,EllipticEnvelope,8,8,48,0,0,1.0,1.0,1.0
32447,One-Class SVM (Linear),8,0,34,14,8,0.0,0.0,0.0
32447,One-Class SVM (Poly),8,1,23,25,7,0.125,0.038461538461538464,0.058823529411764705
32447,One-Class SVM (RBF),8,8,34,14,0,1.0,0.36363636363636365,0.5333333333333333
32447,Isolation Forest,8,1,48,0,7,0.125,1.0,0.2222222222222222
32447,Autoencoder,8,8,48,0,0,1.0,1.0,1.0
37945,EllipticEnvelope,9,9,60,1,0,1.0,0.9,0.9473684210526316
37945,One-Class SVM (Linear),9,0,26,35,9,0.0,0.0,0.0
37945,One-Class SVM (Poly),9,1,35,26,8,0.1111111111111111,0.037037037037037035,0.05555555555555555
37945,One-Class SVM (RBF),9,9,50,11,0,1.0,0.45,0.6206896551724138
37945,Isolation Forest,9,9,60,1,0,1.0,0.9,0.9473684210526316
37945,Autoencoder,9,9,60,1,0,1.0,0.9,0.9473684210526316
37950,EllipticEnvelope,15,15,12,0,0,1.0,1.0,1.0
37950,One-Class SVM (Linear),15,13,9,3,2,0.8666666666666667,0.8125,0.8387096774193549
37950,One-Class SVM (Poly),15,2,9,3,13,0.13333333333333333,0.4,0.2
37950,One-Class SVM (RBF),15,15,8,4,0,1.0,0.7894736842105263,0.8823529411764706
37950,Isolation Forest,15,14,12,0,1,0.9333333333333333,1.0,0.9655172413793104
37951,EllipticEnvelope,15,15,12,0,0,1.0,1.0,1.0
37951,One-Class SVM (Linear),15,12,8,4,3,0.8,0.75,0.7741935483870969
37951,One-Class SVM (Poly),15,3,9,3,12,0.2,0.5,0.28571428571428575
37951,One-Class SVM (RBF),15,15,9,3,0,1.0,0.8333333333333334,0.9090909090909091
37951,Isolation Forest,15,15,12,0,0,1.0,1.0,1.0
37953,EllipticEnvelope,11,10,79,0,1,0.9090909090909091,1.0,0.9523809523809523
37953,One-Class SVM (Linear),11,8,41,38,3,0.7272727272727273,0.17391304347826086,0.2807017543859649
37953,One-Class SVM (Poly),11,0,67,12,11,0.0,0.0,0.0
37953,One-Class SVM (RBF),11,11,66,13,0,1.0,0.4583333333333333,0.6285714285714286
37953,Isolation Forest,11,10,78,1,1,0.9090909090909091,0.9090909090909091,0.9090909090909091
37953,Autoencoder,11,11,79,0,0,1.0,1.0,1.0
37954,EllipticEnvelope,11,10,79,0,1,0.9090909090909091,1.0,0.9523809523809523
37954,One-Class SVM (Linear),11,8,41,38,3,0.7272727272727273,0.17391304347826086,0.2807017543859649
37954,One-Class SVM (Poly),11,0,67,12,11,0.0,0.0,0.0
37954,One-Class SVM (RBF),11,11,66,13,0,1.0,0.4583333333333333,0.6285714285714286
37954,Isolation Forest,11,10,78,1,1,0.9090909090909091,0.9090909090909091,0.9090909090909091
37954,Autoencoder,11,11,79,0,0,1.0,1.0,1.0
37955,EllipticEnvelope,9,9,88,1,0,1.0,0.9,0.9473684210526316
37955,One-Class SVM (Linear),9,7,73,16,2,0.7777777777777778,0.30434782608695654,0.43750000000000006
37955,One-Class SVM (Poly),9,0,38,51,9,0.0,0.0,0.0
37955,One-Class SVM (RBF),9,9,73,16,0,1.0,0.36,0.5294117647058824
37955,Isolation Forest,9,9,88,1,0,1.0,0.9,0.9473684210526316
37955,Autoencoder,9,9,88,1,0,1.0,0.9,0.9473684210526316
37956,EllipticEnvelope,6,6,9,1,0,1.0,0.8571428571428571,0.923076923076923
37956,One-Class SVM (Linear),6,0,4,6,6,0.0,0.0,0.0
37956,One-Class SVM (Poly),6,6,3,7,0,1.0,0.46153846153846156,0.631578947368421
37956,One-Class SVM (RBF),6,6,5,5,0,1.0,0.5454545454545454,0.7058823529411764
37956,Isolation Forest,6,6,10,0,0,1.0,1.0,1.0
37957,EllipticEnvelope,5,5,69,1,0,1.0,0.8333333333333334,0.9090909090909091
37957,One-Class SVM (Linear),5,5,63,7,0,1.0,0.4166666666666667,0.5882352941176471
37957,One-Class SVM (Poly),5,0,36,34,5,0.0,0.0,0.0
37957,One-Class SVM (RBF),5,5,61,9,0,1.0,0.35714285714285715,0.5263157894736842
37957,Isolation Forest,5,5,69,1,0,1.0,0.8333333333333334,0.9090909090909091
37957,Autoencoder,5,5,69,1,0,1.0,0.8333333333333334,0.9090909090909091
37960,EllipticEnvelope,8,8,101,1,0,1.0,0.8888888888888888,0.9411764705882353
37960,One-Class SVM (Linear),8,0,77,25,8,0.0,0.0,0.0
37960,One-Class SVM (Poly),8,0,70,32,8,0.0,0.0,0.0
37960,One-Class SVM (RBF),8,8,88,14,0,1.0,0.36363636363636365,0.5333333333333333
37960,Isolation Forest,8,8,101,1,0,1.0,0.8888888888888888,0.9411764705882353
37960,Autoencoder,8,8,101,1,0,1.0,0.8888888888888888,0.9411764705882353
37961,EllipticEnvelope,7,5,0,0,2,0.7142857142857143,1.0,0.8333333333333333
37961,One-Class SVM (Linear),7,4,0,0,3,0.5714285714285714,1.0,0.7272727272727273
37961,One-Class SVM (Poly),7,5,0,0,2,0.7142857142857143,1.0,0.8333333333333333
37961,One-Class SVM (RBF),7,7,0,0,0,1.0,1.0,1.0
37961,Isolation Forest,7,5,0,0,2,0.7142857142857143,1.0,0.8333333333333333
37962,EllipticEnvelope,4,4,194,2,0,1.0,0.6666666666666666,0.8
37962,One-Class SVM (Linear),4,0,130,66,4,0.0,0.0,0.0
37962,One-Class SVM (Poly),4,0,127,69,4,0.0,0.0,0.0
37962,One-Class SVM (RBF),4,4,177,19,0,1.0,0.17391304347826086,0.29629629629629634
37962,Isolation Forest,4,4,194,2,0,1.0,0.6666666666666666,0.8
37962,Autoencoder,4,4,194,2,0,1.0,0.6666666666666666,0.8
37964,EllipticEnvelope,7,7,32,1,0,1.0,0.875,0.9333333333333333
37964,One-Class SVM (Linear),7,0,22,11,7,0.0,0.0,0.0
37964,One-Class SVM (Poly),7,0,16,17,7,0.0,0.0,0.0
37964,One-Class SVM (RBF),7,7,26,7,0,1.0,0.5,0.6666666666666666
37964,Isolation Forest,7,7,32,1,0,1.0,0.875,0.9333333333333333
37964,Autoencoder,7,7,32,1,0,1.0,0.875,0.9333333333333333
37965,EllipticEnvelope,12,8,17,0,4,0.6666666666666666,1.0,0.8
37965,One-Class SVM (Linear),12,12,12,5,0,1.0,0.7058823529411765,0.8275862068965517
37965,One-Class SVM (Poly),12,0,11,6,12,0.0,0.0,0.0
37965,One-Class SVM (RBF),12,12,9,8,0,1.0,0.6,0.7499999999999999
37965,Isolation Forest,12,5,17,0,7,0.4166666666666667,1.0,0.5882352941176471
37967,EllipticEnvelope,7,7,64,0,0,1.0,1.0,1.0
37967,One-Class SVM (Linear),7,7,64,0,0,1.0,1.0,1.0
37967,One-Class SVM (Poly),7,0,0,64,7,0.0,0.0,0.0
37967,One-Class SVM (RBF),7,7,60,4,0,1.0,0.6363636363636364,0.7777777777777778
37967,Isolation Forest,7,7,64,0,0,1.0,1.0,1.0
37967,Autoencoder,7,7,64,0,0,1.0,1.0,1.0
37969,EllipticEnvelope,8,8,35,1,0,1.0,0.8888888888888888,0.9411764705882353
37969,One-Class SVM (Linear),8,0,18,18,8,0.0,0.0,0.0
37969,One-Class SVM (Poly),8,0,16,20,8,0.0,0.0,0.0
37969,One-Class SVM (RBF),8,8,24,12,0,1.0,0.4,0.5714285714285715
37969,Isolation Forest,8,8,35,1,0,1.0,0.8888888888888888,0.9411764705882353
37969,Autoencoder,8,8,35,1,0,1.0,0.8888888888888888,0.9411764705882353
37979,EllipticEnvelope,7,7,2,0,0,1.0,1.0,1.0
37979,One-Class SVM (Linear),7,0,1,1,7,0.0,0.0,0.0
37979,One-Class SVM (Poly),7,5,2,0,2,0.7142857142857143,1.0,0.8333333333333333
37979,One-Class SVM (RBF),7,7,1,1,0,1.0,0.875,0.9333333333333333
37979,Isolation Forest,7,7,2,0,0,1.0,1.0,1.0
37989,EllipticEnvelope,14,11,41,1,3,0.7857142857142857,0.9166666666666666,0.8461538461538461
37989,One-Class SVM (Linear),14,7,21,21,7,0.5,0.25,0.3333333333333333
37989,One-Class SVM (Poly),14,11,20,22,3,0.7857142857142857,0.3333333333333333,0.4680851063829786
37989,One-Class SVM (RBF),14,14,30,12,0,1.0,0.5384615384615384,0.7000000000000001
37989,Isolation Forest,14,6,41,1,8,0.42857142857142855,0.8571428571428571,0.5714285714285714
37989,Autoencoder,14,14,41,1,0,1.0,0.9333333333333333,0.9655172413793104
37992,EllipticEnvelope,6,6,82,1,0,1.0,0.8571428571428571,0.923076923076923
37992,One-Class SVM (Linear),6,6,47,36,0,1.0,0.14285714285714285,0.25
37992,One-Class SVM (Poly),6,0,53,30,6,0.0,0.0,0.0
37992,One-Class SVM (RBF),6,6,66,17,0,1.0,0.2608695652173913,0.41379310344827586
37992,Isolation Forest,6,6,82,1,0,1.0,0.8571428571428571,0.923076923076923
37992,Autoencoder,6,6,82,1,0,1.0,0.8571428571428571,0.923076923076923
37995,EllipticEnvelope,8,7,29,0,1,0.875,1.0,0.9333333333333333
37995,One-Class SVM (Linear),8,8,27,2,0,1.0,0.8,0.888888888888889
37995,One-Class SVM (Poly),8,0,0,29,8,0.0,0.0,0.0
37995,One-Class SVM (RBF),8,8,21,8,0,1.0,0.5,0.6666666666666666
37995,Isolation Forest,8,8,29,0,0,1.0,1.0,1.0
37995,Autoencoder,8,8,29,0,0,1.0,1.0,1.0
37996,EllipticEnvelope,5,5,117,2,0,1.0,0.7142857142857143,0.8333333333333333
37996,One-Class SVM (Linear),5,0,106,13,5,0.0,0.0,0.0
37996,One-Class SVM (Poly),5,5,38,81,0,1.0,0.05813953488372093,0.10989010989010987
37996,One-Class SVM (RBF),5,5,100,19,0,1.0,0.20833333333333334,0.3448275862068966
37996,Isolation Forest,5,5,117,2,0,1.0,0.7142857142857143,0.8333333333333333
37996,Autoencoder,5,5,117,2,0,1.0,0.7142857142857143,0.8333333333333333
37997,EllipticEnvelope,5,5,117,2,0,1.0,0.7142857142857143,0.8333333333333333
37997,One-Class SVM (Linear),5,0,106,13,5,0.0,0.0,0.0
37997,One-Class SVM (Poly),5,5,38,81,0,1.0,0.05813953488372093,0.10989010989010987
37997,One-Class SVM (RBF),5,5,100,19,0,1.0,0.20833333333333334,0.3448275862068966
37997,Isolation Forest,5,5,117,2,0,1.0,0.7142857142857143,0.8333333333333333
37997,Autoencoder,5,5,117,2,0,1.0,0.7142857142857143,0.8333333333333333
38000,EllipticEnvelope,7,7,97,1,0,1.0,0.875,0.9333333333333333
38000,One-Class SVM (Linear),7,0,74,24,7,0.0,0.0,0.0
38000,One-Class SVM (Poly),7,0,35,63,7,0.0,0.0,0.0
38000,One-Class SVM (RBF),7,7,80,18,0,1.0,0.28,0.43750000000000006
38000,Isolation Forest,7,7,97,1,0,1.0,0.875,0.9333333333333333
38000,Autoencoder,7,7,97,1,0,1.0,0.875,0.9333333333333333
38001,EllipticEnvelope,8,8,112,2,0,1.0,0.8,0.888888888888889
38001,One-Class SVM (Linear),8,2,98,16,6,0.25,0.1111111111111111,0.15384615384615383
38001,One-Class SVM (Poly),8,0,85,29,8,0.0,0.0,0.0
38001,One-Class SVM (RBF),8,8,101,13,0,1.0,0.38095238095238093,0.5517241379310345
38001,Isolation Forest,8,7,112,2,1,0.875,0.7777777777777778,0.823529411764706
38001,Autoencoder,8,8,112,2,0,1.0,0.8,0.888888888888889
38002,EllipticEnvelope,6,6,180,2,0,1.0,0.75,0.8571428571428571
38002,One-Class SVM (Linear),6,0,130,52,6,0.0,0.0,0.0
38002,One-Class SVM (Poly),6,0,94,88,6,0.0,0.0,0.0
38002,One-Class SVM (RBF),6,6,161,21,0,1.0,0.2222222222222222,0.3636363636363636
38002,Isolation Forest,6,6,180,2,0,1.0,0.75,0.8571428571428571
38002,Autoencoder,6,6,180,2,0,1.0,0.75,0.8571428571428571
38003,EllipticEnvelope,5,5,91,1,0,1.0,0.8333333333333334,0.9090909090909091
38003,One-Class SVM (Linear),5,0,37,55,5,0.0,0.0,0.0
38003,One-Class SVM (Poly),5,0,56,36,5,0.0,0.0,0.0
38003,One-Class SVM (RBF),5,5,75,17,0,1.0,0.22727272727272727,0.37037037037037035
38003,Isolation Forest,5,5,91,1,0,1.0,0.8333333333333334,0.9090909090909091
38003,Autoencoder,5,5,91,1,0,1.0,0.8333333333333334,0.9090909090909091
38012,EllipticEnvelope,5,5,78,1,0,1.0,0.8333333333333334,0.9090909090909091
38012,One-Class SVM (Linear),5,5,63,16,0,1.0,0.23809523809523808,0.3846153846153846
38012,One-Class SVM (Poly),5,0,43,36,5,0.0,0.0,0.0
38012,One-Class SVM (RBF),5,5,69,10,0,1.0,0.3333333333333333,0.5
38012,Isolation Forest,5,5,78,1,0,1.0,0.8333333333333334,0.9090909090909091
38012,Autoencoder,5,5,78,1,0,1.0,0.8333333333333334,0.9090909090909091
38013,EllipticEnvelope,5,5,117,2,0,1.0,0.7142857142857143,0.8333333333333333
38013,One-Class SVM (Linear),5,5,81,38,0,1.0,0.11627906976744186,0.20833333333333334
38013,One-Class SVM (Poly),5,5,75,44,0,1.0,0.10204081632653061,0.1851851851851852
38013,One-Class SVM (RBF),5,5,98,21,0,1.0,0.19230769230769232,0.32258064516129037
38013,Isolation Forest,5,5,117,2,0,1.0,0.7142857142857143,0.8333333333333333
38013,Autoencoder,5,5,117,2,0,1.0,0.7142857142857143,0.8333333333333333
38015,EllipticEnvelope,11,11,28,0,0,1.0,1.0,1.0
38015,One-Class SVM (Linear),11,5,15,13,6,0.45454545454545453,0.2777777777777778,0.3448275862068966
38015,One-Class SVM (Poly),11,7,13,15,4,0.6363636363636364,0.3181818181818182,0.4242424242424242
38015,One-Class SVM (RBF),11,11,21,7,0,1.0,0.6111111111111112,0.7586206896551725
38015,Isolation Forest,11,6,28,0,5,0.5454545454545454,1.0,0.7058823529411764
38015,Autoencoder,11,11,27,1,0,1.0,0.9166666666666666,0.9565217391304348
38016,EllipticEnvelope,8,8,94,1,0,1.0,0.8888888888888888,0.9411764705882353
38016,One-Class SVM (Linear),8,8,67,28,0,1.0,0.2222222222222222,0.3636363636363636
38016,One-Class SVM (Poly),8,0,92,3,8,0.0,0.0,0.0
38016,One-Class SVM (RBF),8,8,83,12,0,1.0,0.4,0.5714285714285715
38016,Isolation Forest,8,8,95,0,0,1.0,1.0,1.0
38016,Autoencoder,8,8,95,0,0,1.0,1.0,1.0
38017,EllipticEnvelope,5,5,170,2,0,1.0,0.7142857142857143,0.8333333333333333
38017,One-Class SVM (Linear),5,0,102,70,5,0.0,0.0,0.0
38017,One-Class SVM (Poly),5,0,107,65,5,0.0,0.0,0.0
38017,One-Class SVM (RBF),5,5,152,20,0,1.0,0.2,0.33333333333333337
38017,Isolation Forest,5,5,171,1,0,1.0,0.8333333333333334,0.9090909090909091
38017,Autoencoder,5,5,171,1,0,1.0,0.8333333333333334,0.9090909090909091
38019,EllipticEnvelope,5,5,113,2,0,1.0,0.7142857142857143,0.8333333333333333
38019,One-Class SVM (Linear),5,0,94,21,5,0.0,0.0,0.0
38019,One-Class SVM (Poly),5,0,98,17,5,0.0,0.0,0.0
38019,One-Class SVM (RBF),5,5,99,16,0,1.0,0.23809523809523808,0.3846153846153846
38019,Isolation Forest,5,5,113,2,0,1.0,0.7142857142857143,0.8333333333333333
38019,Autoencoder,5,5,113,2,0,1.0,0.7142857142857143,0.8333333333333333
38020,EllipticEnvelope,7,7,37,1,0,1.0,0.875,0.9333333333333333
38020,One-Class SVM (Linear),7,7,23,15,0,1.0,0.3181818181818182,0.4827586206896552
38020,One-Class SVM (Poly),7,0,17,21,7,0.0,0.0,0.0
38020,One-Class SVM (RBF),7,7,31,7,0,1.0,0.5,0.6666666666666666
38020,Isolation Forest,7,7,37,1,0,1.0,0.875,0.9333333333333333
38020,Autoencoder,7,7,37,1,0,1.0,0.875,0.9333333333333333
38021,EllipticEnvelope,6,6,38,1,0,1.0,0.8571428571428571,0.923076923076923
38021,One-Class SVM (Linear),6,6,24,15,0,1.0,0.2857142857142857,0.4444444444444445
38021,One-Class SVM (Poly),6,0,18,21,6,0.0,0.0,0.0
38021,One-Class SVM (RBF),6,6,31,8,0,1.0,0.42857142857142855,0.6
38021,Isolation Forest,6,6,38,1,0,1.0,0.8571428571428571,0.923076923076923
38021,Autoencoder,6,6,38,1,0,1.0,0.8571428571428571,0.923076923076923
38022,EllipticEnvelope,8,8,74,0,0,1.0,1.0,1.0
38022,One-Class SVM (Linear),8,8,53,21,0,1.0,0.27586206896551724,0.4324324324324324
38022,One-Class SVM (Poly),8,0,13,61,8,0.0,0.0,0.0
38022,One-Class SVM (RBF),8,8,55,19,0,1.0,0.2962962962962963,0.45714285714285713
38022,Isolation Forest,8,8,74,0,0,1.0,1.0,1.0
38022,Autoencoder,8,8,73,1,0,1.0,0.8888888888888888,0.9411764705882353
38024,EllipticEnvelope,9,9,90,0,0,1.0,1.0,1.0
38024,One-Class SVM (Linear),9,7,71,19,2,0.7777777777777778,0.2692307692307692,0.39999999999999997
38024,One-Class SVM (Poly),9,1,2,88,8,0.1111111111111111,0.011235955056179775,0.02040816326530612
38024,One-Class SVM (RBF),9,9,77,13,0,1.0,0.4090909090909091,0.5806451612903226
38024,Isolation Forest,9,9,90,0,0,1.0,1.0,1.0
38024,Autoencoder,9,9,90,0,0,1.0,1.0,1.0
38031,EllipticEnvelope,7,7,78,0,0,1.0,1.0,1.0
38031,One-Class SVM (Linear),7,0,76,2,7,0.0,0.0,0.0
38031,One-Class SVM (Poly),7,0,76,2,7,0.0,0.0,0.0
38031,One-Class SVM (RBF),7,7,66,12,0,1.0,0.3684210526315789,0.5384615384615384
38031,Isolation Forest,7,7,77,1,0,1.0,0.875,0.9333333333333333
38031,Autoencoder,7,7,78,0,0,1.0,1.0,1.0
38044,EllipticEnvelope,8,8,45,0,0,1.0,1.0,1.0
38044,One-Class SVM (Linear),8,8,41,4,0,1.0,0.6666666666666666,0.8
38044,One-Class SVM (Poly),8,7,34,11,1,0.875,0.3888888888888889,0.5384615384615385
38044,One-Class SVM (RBF),8,8,34,11,0,1.0,0.42105263157894735,0.5925925925925926
38044,Isolation Forest,8,8,45,0,0,1.0,1.0,1.0
38044,Autoencoder,8,8,45,0,0,1.0,1.0,1.0
38045,EllipticEnvelope,7,7,28,1,0,1.0,0.875,0.9333333333333333
38045,One-Class SVM (Linear),7,7,25,4,0,1.0,0.6363636363636364,0.7777777777777778
38045,One-Class SVM (Poly),7,0,25,4,7,0.0,0.0,0.0
38045,One-Class SVM (RBF),7,7,19,10,0,1.0,0.4117647058823529,0.5833333333333334
38045,Isolation Forest,7,7,29,0,0,1.0,1.0,1.0
38045,Autoencoder,7,7,29,0,0,1.0,1.0,1.0
38064,EllipticEnvelope,8,0,11,0,8,0.0,0.0,0.0
38064,One-Class SVM (Linear),8,4,8,3,4,0.5,0.5714285714285714,0.5333333333333333
38064,One-Class SVM (Poly),8,4,9,2,4,0.5,0.6666666666666666,0.5714285714285715
38064,One-Class SVM (RBF),8,7,10,1,1,0.875,0.875,0.875
38064,Isolation Forest,8,1,11,0,7,0.125,1.0,0.2222222222222222
38072,EllipticEnvelope,4,1,41,0,3,0.25,1.0,0.4
38072,One-Class SVM (Linear),4,2,32,9,2,0.5,0.18181818181818182,0.26666666666666666
38072,One-Class SVM (Poly),4,1,19,22,3,0.25,0.043478260869565216,0.07407407407407408
38072,One-Class SVM (RBF),4,2,34,7,2,0.5,0.2222222222222222,0.30769230769230765
38072,Isolation Forest,4,2,41,0,2,0.5,1.0,0.6666666666666666
38072,Autoencoder,4,2,41,0,2,0.5,1.0,0.6666666666666666
38073,EllipticEnvelope,4,0,55,1,4,0.0,0.0,0.0
38073,One-Class SVM (Linear),4,1,40,16,3,0.25,0.058823529411764705,0.09523809523809523
38073,One-Class SVM (Poly),4,2,35,21,2,0.5,0.08695652173913043,0.14814814814814817
38073,One-Class SVM (RBF),4,1,47,9,3,0.25,0.1,0.14285714285714288
38073,Isolation Forest,4,0,55,1,4,0.0,0.0,0.0
38073,Autoencoder,4,0,55,1,4,0.0,0.0,0.0
38074,EllipticEnvelope,4,0,36,1,4,0.0,0.0,0.0
38074,One-Class SVM (Linear),4,0,18,19,4,0.0,0.0,0.0
38074,One-Class SVM (Poly),4,0,16,21,4,0.0,0.0,0.0
38074,One-Class SVM (RBF),4,4,29,8,0,1.0,0.3333333333333333,0.5
38074,Isolation Forest,4,0,36,1,4,0.0,0.0,0.0
38074,Autoencoder,4,0,36,1,4,0.0,0.0,0.0
38075,EllipticEnvelope,4,0,34,1,4,0.0,0.0,0.0
38075,One-Class SVM (Linear),4,3,23,12,1,0.75,0.2,0.31578947368421056
38075,One-Class SVM (Poly),4,1,22,13,3,0.25,0.07142857142857142,0.11111111111111112
38075,One-Class SVM (RBF),4,3,27,8,1,0.75,0.2727272727272727,0.39999999999999997
38075,Isolation Forest,4,0,34,1,4,0.0,0.0,0.0
38075,Autoencoder,4,1,34,1,3,0.25,0.5,0.3333333333333333
38076,EllipticEnvelope,5,1,47,0,4,0.2,1.0,0.33333333333333337
38076,One-Class SVM (Linear),5,1,26,21,4,0.2,0.045454545454545456,0.07407407407407407
38076,One-Class SVM (Poly),5,2,16,31,3,0.4,0.06060606060606061,0.10526315789473685
38076,One-Class SVM (RBF),5,4,37,10,1,0.8,0.2857142857142857,0.4210526315789473
38076,Isolation Forest,5,1,47,0,4,0.2,1.0,0.33333333333333337
38076,Autoencoder,5,0,47,0,5,0.0,0.0,0.0
38077,EllipticEnvelope,5,0,25,1,5,0.0,0.0,0.0
38077,One-Class SVM (Linear),5,0,19,7,5,0.0,0.0,0.0
38077,One-Class SVM (Poly),5,4,8,18,1,0.8,0.18181818181818182,0.2962962962962963
38077,One-Class SVM (RBF),5,4,19,7,1,0.8,0.36363636363636365,0.5000000000000001
38077,Isolation Forest,5,0,25,1,5,0.0,0.0,0.0
38079,EllipticEnvelope,4,3,42,0,1,0.75,1.0,0.8571428571428571
38079,One-Class SVM (Linear),4,2,32,10,2,0.5,0.16666666666666666,0.25
38079,One-Class SVM (Poly),4,2,18,24,2,0.5,0.07692307692307693,0.13333333333333336
38079,One-Class SVM (RBF),4,4,33,9,0,1.0,0.3076923076923077,0.47058823529411764
38079,Isolation Forest,4,3,42,0,1,0.75,1.0,0.8571428571428571
38079,Autoencoder,4,4,42,0,0,1.0,1.0,1.0
38080,EllipticEnvelope,4,0,19,0,4,0.0,0.0,0.0
38080,One-Class SVM (Linear),4,0,10,9,4,0.0,0.0,0.0
38080,One-Class SVM (Poly),4,1,7,12,3,0.25,0.07692307692307693,0.11764705882352941
38080,One-Class SVM (RBF),4,2,14,5,2,0.5,0.2857142857142857,0.36363636363636365
38080,Isolation Forest,4,1,19,0,3,0.25,1.0,0.4
38081,EllipticEnvelope,5,1,46,0,4,0.2,1.0,0.33333333333333337
38081,One-Class SVM (Linear),5,3,34,12,2,0.6,0.2,0.3
38081,One-Class SVM (Poly),5,1,33,13,4,0.2,0.07142857142857142,0.10526315789473682
38081,One-Class SVM (RBF),5,5,36,10,0,1.0,0.3333333333333333,0.5
38081,Isolation Forest,5,3,46,0,2,0.6,1.0,0.7499999999999999
38081,Autoencoder,5,2,46,0,3,0.4,1.0,0.5714285714285715
38082,EllipticEnvelope,4,0,54,1,4,0.0,0.0,0.0
38082,One-Class SVM (Linear),4,0,35,20,4,0.0,0.0,0.0
38082,One-Class SVM (Poly),4,1,29,26,3,0.25,0.037037037037037035,0.06451612903225806
38082,One-Class SVM (RBF),4,2,40,15,2,0.5,0.11764705882352941,0.19047619047619047
38082,Isolation Forest,4,0,54,1,4,0.0,0.0,0.0
38082,Autoencoder,4,0,54,1,4,0.0,0.0,0.0
